window,spectral_leakage_ratio,spectral_leakage_percent,snr_db
rectangular,0.3523199563400556,35.23199563400556,2.644232722900197
hamming,0.4624340230171616,46.24340230171616,0.6538199476810223
hanning,0.47867411434492113,47.86741143449211,0.37069347287763765
