rmse_sec,rmse_ms
0.020770387914993176,20.770387914993176
